{
  "optimization_method": "r-MIPRO",
  "final_accuracy": 0.6238888888888889,
  "final_latency_ms": 3132.7035427093506,
  "total_cost": 0.0028652999999999994,
  "total_time_seconds": 106.77353382110596,
  "trials_used": 30,
  "agent_performance": {
    "tech_specialist": {
      "best_performance": 0.7372688888888889,
      "mean_performance": 0.6821732962962962,
      "variance": 0.001543300038606138,
      "entropy": -1.8179776033164132,
      "bottleneck_score": 0.05336950015815978,
      "improvement_velocity": -0.006189249999999924,
      "total_queries": 3,
      "total_cost": 0.0003246,
      "avg_latency_ms": 3829.5809427897134,
      "best_params": {
        "instruction_detail": 0.5,
        "few_shot_examples": 0,
        "reasoning_depth": 0.5,
        "response_structure": 0.5
      }
    },
    "billing_expert": {
      "best_performance": 0.7094866111111111,
      "mean_performance": 0.6736654814814814,
      "variance": 0.0010927519184898828,
      "entropy": -1.9905895010799923,
      "bottleneck_score": 0.20365710712644236,
      "improvement_velocity": 0.013858513888888924,
      "total_queries": 3,
      "total_cost": 0.00031319999999999997,
      "avg_latency_ms": 3300.648291905721,
      "best_params": {
        "instruction_detail": 0.5,
        "few_shot_examples": 0,
        "reasoning_depth": 0.5,
        "response_structure": 0.5
      }
    },
    "product_advisor": {
      "best_performance": 0.7650489166666667,
      "mean_performance": 0.6279638969071809,
      "variance": 0.0038736533424877017,
      "entropy": -1.357840067343712,
      "bottleneck_score": 1.0,
      "improvement_velocity": -0.023522798611111118,
      "total_queries": 21,
      "total_cost": 0.0019052999999999997,
      "avg_latency_ms": 2867.4430733635313,
      "best_params": {
        "instruction_detail": 0.5,
        "few_shot_examples": 0,
        "reasoning_depth": 0.5,
        "response_structure": 0.5
      }
    },
    "escalation_handler": {
      "best_performance": 0.7651771666666667,
      "mean_performance": 0.6851945555555555,
      "variance": 0.003362120320742287,
      "entropy": -1.4286531948923373,
      "bottleneck_score": 0.0,
      "improvement_velocity": -0.05215645833333338,
      "total_queries": 3,
      "total_cost": 0.00032219999999999997,
      "avg_latency_ms": 3157.2107474009194,
      "best_params": {
        "instruction_detail": 0.5,
        "few_shot_examples": 0,
        "reasoning_depth": 0.5,
        "response_structure": 0.5
      }
    }
  },
  "resource_allocation": {
    "product_advisor": 20,
    "tech_specialist": 1,
    "escalation_handler": 2,
    "billing_expert": 1
  },
  "optimization_history": [
    {
      "agent_id": "product_advisor",
      "scenario_id": 5,
      "params": {
        "instruction_detail": 0.5752600243580932,
        "few_shot_examples": 0,
        "reasoning_depth": 0.4995672189764668,
        "response_structure": 0.5676435310257995
      },
      "response": "Dear [Customer's Name],\n\nI sincerely apologize for the delay you\u2019ve experienced in receiving support. We understand how important timely assistance is, especially for our valued paid customers like yourself. \n\nTo ensure your issue is addressed as quickly as possible, could you please provide me with a brief description of your concern? This way, I can assist you directly or escalate it to the appropriate team if necessary.\n\nThank you for your patience, and I assure you we will work to resolve this as swiftly as we can.\n\nBest regards,  \n[Your Name]  \nCustomer Support Team",
      "accuracy": 0.5,
      "performance": 0.5988525,
      "metrics": {
        "latency_ms": 3083.813190460205,
        "tokens_used": 171,
        "cost": 7.649999999999999e-05,
        "success": true
      }
    },
    {
      "agent_id": "product_advisor",
      "scenario_id": 5,
      "params": {
        "instruction_detail": 0.44356795407712846,
        "few_shot_examples": 0,
        "reasoning_depth": 0.4483458395952779,
        "response_structure": 0.464171939481901
      },
      "response": "Dear [Customer's Name],\n\nI sincerely apologize for the delay in our response and understand how frustrating it can be to wait for support. We value your time and appreciate your patience as we work to resolve your issue.\n\nTo assist you as quickly as possible, could you please provide me with a brief description of your concern? This will help me ensure that we address your needs effectively. \n\nThank you for being a valued customer, and I assure you that we are here to help!\n\nBest regards,  \n[Your Name]  \nCustomer Support Team",
      "accuracy": 0.3333333333333333,
      "performance": 0.5155641666666667,
      "metrics": {
        "latency_ms": 2661.5281105041504,
        "tokens_used": 166,
        "cost": 7.35e-05,
        "success": true
      }
    },
    {
      "agent_id": "product_advisor",
      "scenario_id": 2,
      "params": {
        "instruction_detail": 0.4770674438522672,
        "few_shot_examples": 1,
        "reasoning_depth": 0.5277524343946353,
        "response_structure": 0.36228201656683123
      },
      "response": "I'm sorry to hear about the double charge on your subscription. I'll help you resolve this issue. Could you please confirm if both charges were for the same subscription plan? Additionally, I recommend checking your email for any confirmation messages related to those orders. Once I have that information, I can assist you further in addressing the duplicate charge.",
      "accuracy": 0.4666666666666667,
      "performance": 0.6302801128285725,
      "metrics": {
        "latency_ms": 1363.1229400634766,
        "tokens_used": 166,
        "cost": 5.459999999999999e-05,
        "success": true
      }
    },
    {
      "agent_id": "product_advisor",
      "scenario_id": 4,
      "params": {
        "instruction_detail": 0.37102308696705066,
        "few_shot_examples": 0,
        "reasoning_depth": 0.5581928803125358,
        "response_structure": 0.46046574307637783
      },
      "response": "Integrating our API with your Python application to sync user data is a straightforward process. Here\u2019s a step-by-step guide to help you get started:\n\n### Step 1: Obtain API Credentials\n1. **Sign Up/Log In**: Make sure you have an account. If you don\u2019t have one, please create an account on our developer portal.\n2. **Generate API Key**: Navigate to the API section of your account dashboard and generate an API key. This key will authenticate your requests.\n\n### Step 2: Install Required Libraries\nMake sure you have the `requests` library installed in your Python environment. You can install it using pip if you haven\u2019t done so:\n\n```bash\npip install requests\n```\n\n### Step",
      "accuracy": 0.5625,
      "performance": 0.62976725,
      "metrics": {
        "latency_ms": 3514.42813873291,
        "tokens_used": 209,
        "cost": 9.884999999999999e-05,
        "success": true
      }
    },
    {
      "agent_id": "product_advisor",
      "scenario_id": 1,
      "params": {
        "instruction_detail": 0.5539698964177595,
        "few_shot_examples": 1,
        "reasoning_depth": 0.5711974878882052,
        "response_structure": 0.6621500475154775
      },